CREATE TABLE IF NOT EXISTS `user` (
    `id`   INT          NOT NULL AUTO_INCREMENT,
    `name` VARCHAR(255) NOT NULL,
    PRIMARY KEY (`id`)
) ENGINE=InnoDB DEFAULT CHARSET=utf8mb4 COLLATE=utf8mb4_unicode_ci;

CREATE TABLE IF NOT EXISTS `movement` (
    `id`   INT          NOT NULL AUTO_INCREMENT,
    `name` VARCHAR(255) NOT NULL,
    PRIMARY KEY (`id`)
) ENGINE=InnoDB DEFAULT CHARSET=utf8mb4 COLLATE=utf8mb4_unicode_ci;

CREATE TABLE IF NOT EXISTS `personal_record` (
    `id`          INT      NOT NULL AUTO_INCREMENT,
    `user_id`     INT      NOT NULL,
    `movement_id` INT      NOT NULL,
    `value`       FLOAT    NOT NULL,
    `date`        DATETIME NOT NULL,
    PRIMARY KEY (`id`),
    -- ├ındice composto: cobre o filtro por movement_id e o agrupamento por user_id da query de ranking
    INDEX `idx_movement_user` (`movement_id`, `user_id`),
    CONSTRAINT `personal_record_fk0`
        FOREIGN KEY (`user_id`) REFERENCES `user` (`id`),
    CONSTRAINT `personal_record_fk1`
        FOREIGN KEY (`movement_id`) REFERENCES `movement` (`id`)
) ENGINE=InnoDB DEFAULT CHARSET=utf8mb4 COLLATE=utf8mb4_unicode_ci;

INSERT INTO `user` (id, name) VALUES
    (1, 'Joao'),
    (2, 'Jose'),
    (3, 'Paulo');

INSERT INTO `movement` (id, name) VALUES
    (1, 'Deadlift'),
    (2, 'Back Squat'),
    (3, 'Bench Press');

INSERT INTO `personal_record` (id, user_id, movement_id, value, `date`) VALUES
    (1,  1, 1, 100.0, '2021-01-01 00:00:00'),
    (2,  1, 1, 180.0, '2021-01-02 00:00:00'),
    (3,  1, 1, 150.0, '2021-01-03 00:00:00'),
    (4,  1, 1, 110.0, '2021-01-04 00:00:00'),
    (5,  2, 1, 110.0, '2021-01-04 00:00:00'),
    (6,  2, 1, 140.0, '2021-01-05 00:00:00'),
    (7,  2, 1, 190.0, '2021-01-06 00:00:00'),
    (8,  3, 1, 170.0, '2021-01-01 00:00:00'),
    (9,  3, 1, 120.0, '2021-01-02 00:00:00'),
    (10, 3, 1, 130.0, '2021-01-03 00:00:00'),
    (11, 1, 2, 130.0, '2021-01-03 00:00:00'),
    (12, 2, 2, 130.0, '2021-01-03 00:00:00'),
    (13, 3, 2, 125.0, '2021-01-03 00:00:00'),
    (14, 1, 2, 110.0, '2021-01-05 00:00:00'),
    (15, 1, 2, 100.0, '2021-01-01 00:00:00'),
    (16, 2, 2, 120.0, '2021-01-01 00:00:00'),
    (17, 3, 2, 120.0, '2021-01-01 00:00:00');
